Name,FuncIndex,BuildConfig,String,MinimumCycles
IsPrefixOfCStrInArray,0,PGO, 0 $AttrDef,28226
IsPrefixOfStringInTable_1,1,PGO, 0 $AttrDef,23904
IsPrefixOfStringInTable_2,2,PGO, 0 $AttrDef,66030
IsPrefixOfStringInTable_3,3,PGO, 0 $AttrDef,21970
IsPrefixOfStringInTable_4,4,PGO, 0 $AttrDef,22540
IsPrefixOfStringInTable_5,5,PGO, 0 $AttrDef,66478
IsPrefixOfStringInTable_6,6,PGO, 0 $AttrDef,20058
IsPrefixOfStringInTable_7,7,PGO, 0 $AttrDef,19768
IsPrefixOfStringInTable_8,8,PGO, 0 $AttrDef,18596
IsPrefixOfStringInTable_9,9,PGO, 0 $AttrDef,18702
IsPrefixOfStringInTable_10,10,PGO, 0 $AttrDef,19102
IsPrefixOfStringInTable_11,11,PGO, 0 $AttrDef,18040
IsPrefixOfStringInTable_12,12,PGO, 0 $AttrDef,19162
IsPrefixOfStringInTable_13,13,PGO, 0 $AttrDef,17068
IsPrefixOfStringInTable_14,14,PGO, 0 $AttrDef,17102
IsPrefixOfStringInTable_15,15,PGO, 0 $AttrDef,21938
IsPrefixOfStringInTable_x64_1,16,PGO, 0 $AttrDef,7484
IsPrefixOfStringInTable_x64_2,17,PGO, 0 $AttrDef,24728
IsPrefixOfStringInTable_x64_3,18,PGO, 0 $AttrDef,59722
IsPrefixOfStringInTable_x64_4,19,PGO, 0 $AttrDef,23802
IsPrefixOfStringInTable_x64_5,20,PGO, 0 $AttrDef,23642
IsPrefixOfStringInTable_x64_6,21,PGO, 0 $AttrDef,23650
IsPrefixOfStringInTable_x64_7,22,PGO, 0 $AttrDef,57728
IsPrefixOfStringInTable_x64_8,23,PGO, 0 $AttrDef,21010
IntegerDivision_x64_1,24,PGO, 0 $AttrDef,94986
IsPrefixOfCStrInArray,0,PGO, 1 $BadClus,34830
IsPrefixOfStringInTable_1,1,PGO, 1 $BadClus,30922
IsPrefixOfStringInTable_2,2,PGO, 1 $BadClus,66022
IsPrefixOfStringInTable_3,3,PGO, 1 $BadClus,21978
IsPrefixOfStringInTable_4,4,PGO, 1 $BadClus,22586
IsPrefixOfStringInTable_5,5,PGO, 1 $BadClus,66434
IsPrefixOfStringInTable_6,6,PGO, 1 $BadClus,20050
IsPrefixOfStringInTable_7,7,PGO, 1 $BadClus,19788
IsPrefixOfStringInTable_8,8,PGO, 1 $BadClus,18614
IsPrefixOfStringInTable_9,9,PGO, 1 $BadClus,18694
IsPrefixOfStringInTable_10,10,PGO, 1 $BadClus,19106
IsPrefixOfStringInTable_11,11,PGO, 1 $BadClus,18048
IsPrefixOfStringInTable_12,12,PGO, 1 $BadClus,19156
IsPrefixOfStringInTable_13,13,PGO, 1 $BadClus,17068
IsPrefixOfStringInTable_14,14,PGO, 1 $BadClus,17092
IsPrefixOfStringInTable_15,15,PGO, 1 $BadClus,21944
IsPrefixOfStringInTable_x64_1,16,PGO, 1 $BadClus,7486
IsPrefixOfStringInTable_x64_2,17,PGO, 1 $BadClus,24694
IsPrefixOfStringInTable_x64_3,18,PGO, 1 $BadClus,59724
IsPrefixOfStringInTable_x64_4,19,PGO, 1 $BadClus,23808
IsPrefixOfStringInTable_x64_5,20,PGO, 1 $BadClus,23718
IsPrefixOfStringInTable_x64_6,21,PGO, 1 $BadClus,23682
IsPrefixOfStringInTable_x64_7,22,PGO, 1 $BadClus,57732
IsPrefixOfStringInTable_x64_8,23,PGO, 1 $BadClus,21014
IntegerDivision_x64_1,24,PGO, 1 $BadClus,94978
IsPrefixOfCStrInArray,0,PGO, 2 $Bitmap,40796
IsPrefixOfStringInTable_1,1,PGO, 2 $Bitmap,25952
IsPrefixOfStringInTable_2,2,PGO, 2 $Bitmap,66022
IsPrefixOfStringInTable_3,3,PGO, 2 $Bitmap,21968
IsPrefixOfStringInTable_4,4,PGO, 2 $Bitmap,22686
IsPrefixOfStringInTable_5,5,PGO, 2 $Bitmap,66430
IsPrefixOfStringInTable_6,6,PGO, 2 $Bitmap,20060
IsPrefixOfStringInTable_7,7,PGO, 2 $Bitmap,19782
IsPrefixOfStringInTable_8,8,PGO, 2 $Bitmap,18602
IsPrefixOfStringInTable_9,9,PGO, 2 $Bitmap,18704
IsPrefixOfStringInTable_10,10,PGO, 2 $Bitmap,19130
IsPrefixOfStringInTable_11,11,PGO, 2 $Bitmap,18048
IsPrefixOfStringInTable_12,12,PGO, 2 $Bitmap,19142
IsPrefixOfStringInTable_13,13,PGO, 2 $Bitmap,17066
IsPrefixOfStringInTable_14,14,PGO, 2 $Bitmap,17098
IsPrefixOfStringInTable_15,15,PGO, 2 $Bitmap,21990
IsPrefixOfStringInTable_x64_1,16,PGO, 2 $Bitmap,7486
IsPrefixOfStringInTable_x64_2,17,PGO, 2 $Bitmap,24728
IsPrefixOfStringInTable_x64_3,18,PGO, 2 $Bitmap,59724
IsPrefixOfStringInTable_x64_4,19,PGO, 2 $Bitmap,23842
IsPrefixOfStringInTable_x64_5,20,PGO, 2 $Bitmap,23710
IsPrefixOfStringInTable_x64_6,21,PGO, 2 $Bitmap,23650
IsPrefixOfStringInTable_x64_7,22,PGO, 2 $Bitmap,57746
IsPrefixOfStringInTable_x64_8,23,PGO, 2 $Bitmap,21014
IntegerDivision_x64_1,24,PGO, 2 $Bitmap,94974
IsPrefixOfCStrInArray,0,PGO, 3 $Boot,45804
IsPrefixOfStringInTable_1,1,PGO, 3 $Boot,26974
IsPrefixOfStringInTable_2,2,PGO, 3 $Boot,66012
IsPrefixOfStringInTable_3,3,PGO, 3 $Boot,21974
IsPrefixOfStringInTable_4,4,PGO, 3 $Boot,22662
IsPrefixOfStringInTable_5,5,PGO, 3 $Boot,66450
IsPrefixOfStringInTable_6,6,PGO, 3 $Boot,20058
IsPrefixOfStringInTable_7,7,PGO, 3 $Boot,19794
IsPrefixOfStringInTable_8,8,PGO, 3 $Boot,18584
IsPrefixOfStringInTable_9,9,PGO, 3 $Boot,18696
IsPrefixOfStringInTable_10,10,PGO, 3 $Boot,19122
IsPrefixOfStringInTable_11,11,PGO, 3 $Boot,18046
IsPrefixOfStringInTable_12,12,PGO, 3 $Boot,19180
IsPrefixOfStringInTable_13,13,PGO, 3 $Boot,17066
IsPrefixOfStringInTable_14,14,PGO, 3 $Boot,17108
IsPrefixOfStringInTable_15,15,PGO, 3 $Boot,22008
IsPrefixOfStringInTable_x64_1,16,PGO, 3 $Boot,7486
IsPrefixOfStringInTable_x64_2,17,PGO, 3 $Boot,24672
IsPrefixOfStringInTable_x64_3,18,PGO, 3 $Boot,59730
IsPrefixOfStringInTable_x64_4,19,PGO, 3 $Boot,23824
IsPrefixOfStringInTable_x64_5,20,PGO, 3 $Boot,23706
IsPrefixOfStringInTable_x64_6,21,PGO, 3 $Boot,23708
IsPrefixOfStringInTable_x64_7,22,PGO, 3 $Boot,57738
IsPrefixOfStringInTable_x64_8,23,PGO, 3 $Boot,21016
IntegerDivision_x64_1,24,PGO, 3 $Boot,94984
IsPrefixOfCStrInArray,0,PGO, 4 $Extend,51804
IsPrefixOfStringInTable_1,1,PGO, 4 $Extend,42322
IsPrefixOfStringInTable_2,2,PGO, 4 $Extend,66038
IsPrefixOfStringInTable_3,3,PGO, 4 $Extend,21992
IsPrefixOfStringInTable_4,4,PGO, 4 $Extend,22640
IsPrefixOfStringInTable_5,5,PGO, 4 $Extend,66440
IsPrefixOfStringInTable_6,6,PGO, 4 $Extend,20060
IsPrefixOfStringInTable_7,7,PGO, 4 $Extend,19772
IsPrefixOfStringInTable_8,8,PGO, 4 $Extend,18578
IsPrefixOfStringInTable_9,9,PGO, 4 $Extend,18704
IsPrefixOfStringInTable_10,10,PGO, 4 $Extend,19126
IsPrefixOfStringInTable_11,11,PGO, 4 $Extend,18044
IsPrefixOfStringInTable_12,12,PGO, 4 $Extend,19132
IsPrefixOfStringInTable_13,13,PGO, 4 $Extend,17066
IsPrefixOfStringInTable_14,14,PGO, 4 $Extend,17088
IsPrefixOfStringInTable_15,15,PGO, 4 $Extend,22008
IsPrefixOfStringInTable_x64_1,16,PGO, 4 $Extend,7486
IsPrefixOfStringInTable_x64_2,17,PGO, 4 $Extend,24708
IsPrefixOfStringInTable_x64_3,18,PGO, 4 $Extend,59726
IsPrefixOfStringInTable_x64_4,19,PGO, 4 $Extend,23824
IsPrefixOfStringInTable_x64_5,20,PGO, 4 $Extend,23704
IsPrefixOfStringInTable_x64_6,21,PGO, 4 $Extend,23696
IsPrefixOfStringInTable_x64_7,22,PGO, 4 $Extend,57734
IsPrefixOfStringInTable_x64_8,23,PGO, 4 $Extend,21006
IntegerDivision_x64_1,24,PGO, 4 $Extend,94986
IsPrefixOfCStrInArray,0,PGO, 5 $LogFile,60708
IsPrefixOfStringInTable_1,1,PGO, 5 $LogFile,62246
IsPrefixOfStringInTable_2,2,PGO, 5 $LogFile,66036
IsPrefixOfStringInTable_3,3,PGO, 5 $LogFile,21978
IsPrefixOfStringInTable_4,4,PGO, 5 $LogFile,22650
IsPrefixOfStringInTable_5,5,PGO, 5 $LogFile,66394
IsPrefixOfStringInTable_6,6,PGO, 5 $LogFile,20054
IsPrefixOfStringInTable_7,7,PGO, 5 $LogFile,19766
IsPrefixOfStringInTable_8,8,PGO, 5 $LogFile,18584
IsPrefixOfStringInTable_9,9,PGO, 5 $LogFile,18714
IsPrefixOfStringInTable_10,10,PGO, 5 $LogFile,19132
IsPrefixOfStringInTable_11,11,PGO, 5 $LogFile,18042
IsPrefixOfStringInTable_12,12,PGO, 5 $LogFile,19156
IsPrefixOfStringInTable_13,13,PGO, 5 $LogFile,17070
IsPrefixOfStringInTable_14,14,PGO, 5 $LogFile,17106
IsPrefixOfStringInTable_15,15,PGO, 5 $LogFile,22014
IsPrefixOfStringInTable_x64_1,16,PGO, 5 $LogFile,7484
IsPrefixOfStringInTable_x64_2,17,PGO, 5 $LogFile,24698
IsPrefixOfStringInTable_x64_3,18,PGO, 5 $LogFile,59726
IsPrefixOfStringInTable_x64_4,19,PGO, 5 $LogFile,23824
IsPrefixOfStringInTable_x64_5,20,PGO, 5 $LogFile,23702
IsPrefixOfStringInTable_x64_6,21,PGO, 5 $LogFile,23690
IsPrefixOfStringInTable_x64_7,22,PGO, 5 $LogFile,57746
IsPrefixOfStringInTable_x64_8,23,PGO, 5 $LogFile,21010
IntegerDivision_x64_1,24,PGO, 5 $LogFile,95002
IsPrefixOfCStrInArray,0,PGO, 6 $MftMirr,66722
IsPrefixOfStringInTable_1,1,PGO, 6 $MftMirr,70410
IsPrefixOfStringInTable_2,2,PGO, 6 $MftMirr,65996
IsPrefixOfStringInTable_3,3,PGO, 6 $MftMirr,21976
IsPrefixOfStringInTable_4,4,PGO, 6 $MftMirr,22668
IsPrefixOfStringInTable_5,5,PGO, 6 $MftMirr,66468
IsPrefixOfStringInTable_6,6,PGO, 6 $MftMirr,20056
IsPrefixOfStringInTable_7,7,PGO, 6 $MftMirr,19764
IsPrefixOfStringInTable_8,8,PGO, 6 $MftMirr,18578
IsPrefixOfStringInTable_9,9,PGO, 6 $MftMirr,18718
IsPrefixOfStringInTable_10,10,PGO, 6 $MftMirr,19128
IsPrefixOfStringInTable_11,11,PGO, 6 $MftMirr,18034
IsPrefixOfStringInTable_12,12,PGO, 6 $MftMirr,19180
IsPrefixOfStringInTable_13,13,PGO, 6 $MftMirr,17066
IsPrefixOfStringInTable_14,14,PGO, 6 $MftMirr,17092
IsPrefixOfStringInTable_15,15,PGO, 6 $MftMirr,22016
IsPrefixOfStringInTable_x64_1,16,PGO, 6 $MftMirr,7484
IsPrefixOfStringInTable_x64_2,17,PGO, 6 $MftMirr,24688
IsPrefixOfStringInTable_x64_3,18,PGO, 6 $MftMirr,59724
IsPrefixOfStringInTable_x64_4,19,PGO, 6 $MftMirr,23824
IsPrefixOfStringInTable_x64_5,20,PGO, 6 $MftMirr,23686
IsPrefixOfStringInTable_x64_6,21,PGO, 6 $MftMirr,23668
IsPrefixOfStringInTable_x64_7,22,PGO, 6 $MftMirr,57746
IsPrefixOfStringInTable_x64_8,23,PGO, 6 $MftMirr,21004
IntegerDivision_x64_1,24,PGO, 6 $MftMirr,94978
IsPrefixOfCStrInArray,0,PGO, 7 $Mft,69678
IsPrefixOfStringInTable_1,1,PGO, 7 $Mft,31862
IsPrefixOfStringInTable_2,2,PGO, 7 $Mft,65998
IsPrefixOfStringInTable_3,3,PGO, 7 $Mft,21994
IsPrefixOfStringInTable_4,4,PGO, 7 $Mft,22632
IsPrefixOfStringInTable_5,5,PGO, 7 $Mft,66460
IsPrefixOfStringInTable_6,6,PGO, 7 $Mft,20052
IsPrefixOfStringInTable_7,7,PGO, 7 $Mft,19786
IsPrefixOfStringInTable_8,8,PGO, 7 $Mft,18584
IsPrefixOfStringInTable_9,9,PGO, 7 $Mft,18716
IsPrefixOfStringInTable_10,10,PGO, 7 $Mft,19100
IsPrefixOfStringInTable_11,11,PGO, 7 $Mft,18066
IsPrefixOfStringInTable_12,12,PGO, 7 $Mft,19182
IsPrefixOfStringInTable_13,13,PGO, 7 $Mft,17072
IsPrefixOfStringInTable_14,14,PGO, 7 $Mft,17098
IsPrefixOfStringInTable_15,15,PGO, 7 $Mft,22014
IsPrefixOfStringInTable_x64_1,16,PGO, 7 $Mft,7482
IsPrefixOfStringInTable_x64_2,17,PGO, 7 $Mft,24680
IsPrefixOfStringInTable_x64_3,18,PGO, 7 $Mft,59740
IsPrefixOfStringInTable_x64_4,19,PGO, 7 $Mft,23850
IsPrefixOfStringInTable_x64_5,20,PGO, 7 $Mft,23702
IsPrefixOfStringInTable_x64_6,21,PGO, 7 $Mft,23670
IsPrefixOfStringInTable_x64_7,22,PGO, 7 $Mft,57742
IsPrefixOfStringInTable_x64_8,23,PGO, 7 $Mft,20988
IntegerDivision_x64_1,24,PGO, 7 $Mft,94980
IsPrefixOfCStrInArray,0,PGO, 8 $Secure,77694
IsPrefixOfStringInTable_1,1,PGO, 8 $Secure,65072
IsPrefixOfStringInTable_2,2,PGO, 8 $Secure,71366
IsPrefixOfStringInTable_3,3,PGO, 8 $Secure,27042
IsPrefixOfStringInTable_4,4,PGO, 8 $Secure,28894
IsPrefixOfStringInTable_5,5,PGO, 8 $Secure,72918
IsPrefixOfStringInTable_6,6,PGO, 8 $Secure,25586
IsPrefixOfStringInTable_7,7,PGO, 8 $Secure,25332
IsPrefixOfStringInTable_8,8,PGO, 8 $Secure,24556
IsPrefixOfStringInTable_9,9,PGO, 8 $Secure,24248
IsPrefixOfStringInTable_10,10,PGO, 8 $Secure,24854
IsPrefixOfStringInTable_11,11,PGO, 8 $Secure,23864
IsPrefixOfStringInTable_12,12,PGO, 8 $Secure,24530
IsPrefixOfStringInTable_13,13,PGO, 8 $Secure,21554
IsPrefixOfStringInTable_14,14,PGO, 8 $Secure,21682
IsPrefixOfStringInTable_15,15,PGO, 8 $Secure,27568
IsPrefixOfStringInTable_x64_1,16,PGO, 8 $Secure,7486
IsPrefixOfStringInTable_x64_2,17,PGO, 8 $Secure,34510
IsPrefixOfStringInTable_x64_3,18,PGO, 8 $Secure,65714
IsPrefixOfStringInTable_x64_4,19,PGO, 8 $Secure,34428
IsPrefixOfStringInTable_x64_5,20,PGO, 8 $Secure,34294
IsPrefixOfStringInTable_x64_6,21,PGO, 8 $Secure,34336
IsPrefixOfStringInTable_x64_7,22,PGO, 8 $Secure,63712
IsPrefixOfStringInTable_x64_8,23,PGO, 8 $Secure,27478
IntegerDivision_x64_1,24,PGO, 8 $Secure,95198
IsPrefixOfCStrInArray,0,PGO, 9 $UpCase,84136
IsPrefixOfStringInTable_1,1,PGO, 9 $UpCase,74372
IsPrefixOfStringInTable_2,2,PGO, 9 $UpCase,71342
IsPrefixOfStringInTable_3,3,PGO, 9 $UpCase,27066
IsPrefixOfStringInTable_4,4,PGO, 9 $UpCase,28932
IsPrefixOfStringInTable_5,5,PGO, 9 $UpCase,72924
IsPrefixOfStringInTable_6,6,PGO, 9 $UpCase,25574
IsPrefixOfStringInTable_7,7,PGO, 9 $UpCase,25348
IsPrefixOfStringInTable_8,8,PGO, 9 $UpCase,24554
IsPrefixOfStringInTable_9,9,PGO, 9 $UpCase,24228
IsPrefixOfStringInTable_10,10,PGO, 9 $UpCase,24808
IsPrefixOfStringInTable_11,11,PGO, 9 $UpCase,23868
IsPrefixOfStringInTable_12,12,PGO, 9 $UpCase,24536
IsPrefixOfStringInTable_13,13,PGO, 9 $UpCase,21560
IsPrefixOfStringInTable_14,14,PGO, 9 $UpCase,21656
IsPrefixOfStringInTable_15,15,PGO, 9 $UpCase,27564
IsPrefixOfStringInTable_x64_1,16,PGO, 9 $UpCase,7484
IsPrefixOfStringInTable_x64_2,17,PGO, 9 $UpCase,34526
IsPrefixOfStringInTable_x64_3,18,PGO, 9 $UpCase,65712
IsPrefixOfStringInTable_x64_4,19,PGO, 9 $UpCase,34418
IsPrefixOfStringInTable_x64_5,20,PGO, 9 $UpCase,34318
IsPrefixOfStringInTable_x64_6,21,PGO, 9 $UpCase,34242
IsPrefixOfStringInTable_x64_7,22,PGO, 9 $UpCase,63708
IsPrefixOfStringInTable_x64_8,23,PGO, 9 $UpCase,27412
IntegerDivision_x64_1,24,PGO, 9 $UpCase,94980
IsPrefixOfCStrInArray,0,PGO,10 $Volume,90616
IsPrefixOfStringInTable_1,1,PGO,10 $Volume,81166
IsPrefixOfStringInTable_2,2,PGO,10 $Volume,71352
IsPrefixOfStringInTable_3,3,PGO,10 $Volume,27016
IsPrefixOfStringInTable_4,4,PGO,10 $Volume,28918
IsPrefixOfStringInTable_5,5,PGO,10 $Volume,72956
IsPrefixOfStringInTable_6,6,PGO,10 $Volume,25602
IsPrefixOfStringInTable_7,7,PGO,10 $Volume,25338
IsPrefixOfStringInTable_8,8,PGO,10 $Volume,24546
IsPrefixOfStringInTable_9,9,PGO,10 $Volume,24276
IsPrefixOfStringInTable_10,10,PGO,10 $Volume,24820
IsPrefixOfStringInTable_11,11,PGO,10 $Volume,23888
IsPrefixOfStringInTable_12,12,PGO,10 $Volume,24540
IsPrefixOfStringInTable_13,13,PGO,10 $Volume,21536
IsPrefixOfStringInTable_14,14,PGO,10 $Volume,21652
IsPrefixOfStringInTable_15,15,PGO,10 $Volume,27530
IsPrefixOfStringInTable_x64_1,16,PGO,10 $Volume,7486
IsPrefixOfStringInTable_x64_2,17,PGO,10 $Volume,34462
IsPrefixOfStringInTable_x64_3,18,PGO,10 $Volume,65702
IsPrefixOfStringInTable_x64_4,19,PGO,10 $Volume,34454
IsPrefixOfStringInTable_x64_5,20,PGO,10 $Volume,34282
IsPrefixOfStringInTable_x64_6,21,PGO,10 $Volume,34238
IsPrefixOfStringInTable_x64_7,22,PGO,10 $Volume,63702
IsPrefixOfStringInTable_x64_8,23,PGO,10 $Volume,27486
IntegerDivision_x64_1,24,PGO,10 $Volume,94990
IsPrefixOfCStrInArray,0,PGO,11 $Cairo,94612
IsPrefixOfStringInTable_1,1,PGO,11 $Cairo,63718
IsPrefixOfStringInTable_2,2,PGO,11 $Cairo,71334
IsPrefixOfStringInTable_3,3,PGO,11 $Cairo,27070
IsPrefixOfStringInTable_4,4,PGO,11 $Cairo,28908
IsPrefixOfStringInTable_5,5,PGO,11 $Cairo,72924
IsPrefixOfStringInTable_6,6,PGO,11 $Cairo,25596
IsPrefixOfStringInTable_7,7,PGO,11 $Cairo,25334
IsPrefixOfStringInTable_8,8,PGO,11 $Cairo,24536
IsPrefixOfStringInTable_9,9,PGO,11 $Cairo,24210
IsPrefixOfStringInTable_10,10,PGO,11 $Cairo,24802
IsPrefixOfStringInTable_11,11,PGO,11 $Cairo,23912
IsPrefixOfStringInTable_12,12,PGO,11 $Cairo,24576
IsPrefixOfStringInTable_13,13,PGO,11 $Cairo,21568
IsPrefixOfStringInTable_14,14,PGO,11 $Cairo,21646
IsPrefixOfStringInTable_15,15,PGO,11 $Cairo,27546
IsPrefixOfStringInTable_x64_1,16,PGO,11 $Cairo,7484
IsPrefixOfStringInTable_x64_2,17,PGO,11 $Cairo,34516
IsPrefixOfStringInTable_x64_3,18,PGO,11 $Cairo,65702
IsPrefixOfStringInTable_x64_4,19,PGO,11 $Cairo,34362
IsPrefixOfStringInTable_x64_5,20,PGO,11 $Cairo,34268
IsPrefixOfStringInTable_x64_6,21,PGO,11 $Cairo,34266
IsPrefixOfStringInTable_x64_7,22,PGO,11 $Cairo,63708
IsPrefixOfStringInTable_x64_8,23,PGO,11 $Cairo,27414
IntegerDivision_x64_1,24,PGO,11 $Cairo,94978
IsPrefixOfCStrInArray,0,PGO,12 $INDEX_ALLOCATION,126874
IsPrefixOfStringInTable_1,1,PGO,12 $INDEX_ALLOCATION,136486
IsPrefixOfStringInTable_2,2,PGO,12 $INDEX_ALLOCATION,67886
IsPrefixOfStringInTable_3,3,PGO,12 $INDEX_ALLOCATION,32398
IsPrefixOfStringInTable_4,4,PGO,12 $INDEX_ALLOCATION,35750
IsPrefixOfStringInTable_5,5,PGO,12 $INDEX_ALLOCATION,63546
IsPrefixOfStringInTable_6,6,PGO,12 $INDEX_ALLOCATION,32112
IsPrefixOfStringInTable_7,7,PGO,12 $INDEX_ALLOCATION,32118
IsPrefixOfStringInTable_8,8,PGO,12 $INDEX_ALLOCATION,29934
IsPrefixOfStringInTable_9,9,PGO,12 $INDEX_ALLOCATION,30128
IsPrefixOfStringInTable_10,10,PGO,12 $INDEX_ALLOCATION,30134
IsPrefixOfStringInTable_11,11,PGO,12 $INDEX_ALLOCATION,31062
IsPrefixOfStringInTable_12,12,PGO,12 $INDEX_ALLOCATION,31810
IsPrefixOfStringInTable_13,13,PGO,12 $INDEX_ALLOCATION,27694
IsPrefixOfStringInTable_14,14,PGO,12 $INDEX_ALLOCATION,27668
IsPrefixOfStringInTable_15,15,PGO,12 $INDEX_ALLOCATION,34342
IsPrefixOfStringInTable_x64_1,16,PGO,12 $INDEX_ALLOCATION,7486
IsPrefixOfStringInTable_x64_2,17,PGO,12 $INDEX_ALLOCATION,43970
IsPrefixOfStringInTable_x64_3,18,PGO,12 $INDEX_ALLOCATION,125526
IsPrefixOfStringInTable_x64_4,19,PGO,12 $INDEX_ALLOCATION,43810
IsPrefixOfStringInTable_x64_5,20,PGO,12 $INDEX_ALLOCATION,43212
IsPrefixOfStringInTable_x64_6,21,PGO,12 $INDEX_ALLOCATION,40506
IsPrefixOfStringInTable_x64_7,22,PGO,12 $INDEX_ALLOCATION,120572
IsPrefixOfStringInTable_x64_8,23,PGO,12 $INDEX_ALLOCATION,103594
IntegerDivision_x64_1,24,PGO,12 $INDEX_ALLOCATION,94982
IsPrefixOfCStrInArray,0,PGO,13 $DATA,105588
IsPrefixOfStringInTable_1,1,PGO,13 $DATA,63898
IsPrefixOfStringInTable_2,2,PGO,13 $DATA,71352
IsPrefixOfStringInTable_3,3,PGO,13 $DATA,27008
IsPrefixOfStringInTable_4,4,PGO,13 $DATA,28908
IsPrefixOfStringInTable_5,5,PGO,13 $DATA,72850
IsPrefixOfStringInTable_6,6,PGO,13 $DATA,25612
IsPrefixOfStringInTable_7,7,PGO,13 $DATA,25302
IsPrefixOfStringInTable_8,8,PGO,13 $DATA,24556
IsPrefixOfStringInTable_9,9,PGO,13 $DATA,24300
IsPrefixOfStringInTable_10,10,PGO,13 $DATA,24852
IsPrefixOfStringInTable_11,11,PGO,13 $DATA,23880
IsPrefixOfStringInTable_12,12,PGO,13 $DATA,24526
IsPrefixOfStringInTable_13,13,PGO,13 $DATA,21540
IsPrefixOfStringInTable_14,14,PGO,13 $DATA,21628
IsPrefixOfStringInTable_15,15,PGO,13 $DATA,27550
IsPrefixOfStringInTable_x64_1,16,PGO,13 $DATA,7486
IsPrefixOfStringInTable_x64_2,17,PGO,13 $DATA,34460
IsPrefixOfStringInTable_x64_3,18,PGO,13 $DATA,65720
IsPrefixOfStringInTable_x64_4,19,PGO,13 $DATA,34386
IsPrefixOfStringInTable_x64_5,20,PGO,13 $DATA,34272
IsPrefixOfStringInTable_x64_6,21,PGO,13 $DATA,34312
IsPrefixOfStringInTable_x64_7,22,PGO,13 $DATA,63710
IsPrefixOfStringInTable_x64_8,23,PGO,13 $DATA,27472
IntegerDivision_x64_1,24,PGO,13 $DATA,94982
IsPrefixOfCStrInArray,0,PGO,14 ????,99956
IsPrefixOfStringInTable_1,1,PGO,14 ????,48770
IsPrefixOfStringInTable_2,2,PGO,14 ????,65882
IsPrefixOfStringInTable_3,3,PGO,14 ????,21992
IsPrefixOfStringInTable_4,4,PGO,14 ????,22668
IsPrefixOfStringInTable_5,5,PGO,14 ????,66436
IsPrefixOfStringInTable_6,6,PGO,14 ????,20052
IsPrefixOfStringInTable_7,7,PGO,14 ????,19788
IsPrefixOfStringInTable_8,8,PGO,14 ????,18608
IsPrefixOfStringInTable_9,9,PGO,14 ????,18682
IsPrefixOfStringInTable_10,10,PGO,14 ????,19108
IsPrefixOfStringInTable_11,11,PGO,14 ????,18062
IsPrefixOfStringInTable_12,12,PGO,14 ????,19154
IsPrefixOfStringInTable_13,13,PGO,14 ????,17006
IsPrefixOfStringInTable_14,14,PGO,14 ????,17092
IsPrefixOfStringInTable_15,15,PGO,14 ????,21984
IsPrefixOfStringInTable_x64_1,16,PGO,14 ????,7484
IsPrefixOfStringInTable_x64_2,17,PGO,14 ????,24672
IsPrefixOfStringInTable_x64_3,18,PGO,14 ????,59724
IsPrefixOfStringInTable_x64_4,19,PGO,14 ????,23830
IsPrefixOfStringInTable_x64_5,20,PGO,14 ????,23674
IsPrefixOfStringInTable_x64_6,21,PGO,14 ????,23682
IsPrefixOfStringInTable_x64_7,22,PGO,14 ????,57742
IsPrefixOfStringInTable_x64_8,23,PGO,14 ????,20996
IntegerDivision_x64_1,24,PGO,14 ????,94980
IsPrefixOfCStrInArray,0,PGO,15 .,98588
IsPrefixOfStringInTable_1,1,PGO,15 .,43792
IsPrefixOfStringInTable_2,2,PGO,15 .,65988
IsPrefixOfStringInTable_3,3,PGO,15 .,21976
IsPrefixOfStringInTable_4,4,PGO,15 .,22624
IsPrefixOfStringInTable_5,5,PGO,15 .,66450
IsPrefixOfStringInTable_6,6,PGO,15 .,20052
IsPrefixOfStringInTable_7,7,PGO,15 .,19768
IsPrefixOfStringInTable_8,8,PGO,15 .,18598
IsPrefixOfStringInTable_9,9,PGO,15 .,18696
IsPrefixOfStringInTable_10,10,PGO,15 .,19164
IsPrefixOfStringInTable_11,11,PGO,15 .,18046
IsPrefixOfStringInTable_12,12,PGO,15 .,19130
IsPrefixOfStringInTable_13,13,PGO,15 .,17062
IsPrefixOfStringInTable_14,14,PGO,15 .,17106
IsPrefixOfStringInTable_15,15,PGO,15 .,21950
IsPrefixOfStringInTable_x64_1,16,PGO,15 .,7486
IsPrefixOfStringInTable_x64_2,17,PGO,15 .,24678
IsPrefixOfStringInTable_x64_3,18,PGO,15 .,59726
IsPrefixOfStringInTable_x64_4,19,PGO,15 .,23838
IsPrefixOfStringInTable_x64_5,20,PGO,15 .,23662
IsPrefixOfStringInTable_x64_6,21,PGO,15 .,23650
IsPrefixOfStringInTable_x64_7,22,PGO,15 .,57740
IsPrefixOfStringInTable_x64_8,23,PGO,15 .,20996
IntegerDivision_x64_1,24,PGO,15 .,94988
IsPrefixOfCStrInArray,0,PGO,16 $Bai123456789012,114578
IsPrefixOfStringInTable_1,1,PGO,16 $Bai123456789012,134950
IsPrefixOfStringInTable_2,2,PGO,16 $Bai123456789012,66226
IsPrefixOfStringInTable_3,3,PGO,16 $Bai123456789012,34868
IsPrefixOfStringInTable_4,4,PGO,16 $Bai123456789012,37354
IsPrefixOfStringInTable_5,5,PGO,16 $Bai123456789012,67096
IsPrefixOfStringInTable_6,6,PGO,16 $Bai123456789012,33736
IsPrefixOfStringInTable_7,7,PGO,16 $Bai123456789012,33646
IsPrefixOfStringInTable_8,8,PGO,16 $Bai123456789012,33146
IsPrefixOfStringInTable_9,9,PGO,16 $Bai123456789012,32422
IsPrefixOfStringInTable_10,10,PGO,16 $Bai123456789012,32352
IsPrefixOfStringInTable_11,11,PGO,16 $Bai123456789012,31106
IsPrefixOfStringInTable_12,12,PGO,16 $Bai123456789012,31814
IsPrefixOfStringInTable_13,13,PGO,16 $Bai123456789012,27456
IsPrefixOfStringInTable_14,14,PGO,16 $Bai123456789012,27184
IsPrefixOfStringInTable_15,15,PGO,16 $Bai123456789012,35258
IsPrefixOfStringInTable_x64_1,16,PGO,16 $Bai123456789012,7484
IsPrefixOfStringInTable_x64_2,17,PGO,16 $Bai123456789012,47830
IsPrefixOfStringInTable_x64_3,18,PGO,16 $Bai123456789012,71684
IsPrefixOfStringInTable_x64_4,19,PGO,16 $Bai123456789012,47584
IsPrefixOfStringInTable_x64_5,20,PGO,16 $Bai123456789012,46892
IsPrefixOfStringInTable_x64_6,21,PGO,16 $Bai123456789012,46826
IsPrefixOfStringInTable_x64_7,22,PGO,16 $Bai123456789012,68710
IsPrefixOfStringInTable_x64_8,23,PGO,16 $Bai123456789012,32906
IntegerDivision_x64_1,24,PGO,16 $Bai123456789012,95000
IsPrefixOfCStrInArray,0,PGO,17 a,102568
IsPrefixOfStringInTable_1,1,PGO,17 a,43792
IsPrefixOfStringInTable_2,2,PGO,17 a,45794
IsPrefixOfStringInTable_3,3,PGO,17 a,16944
IsPrefixOfStringInTable_4,4,PGO,17 a,18922
IsPrefixOfStringInTable_5,5,PGO,17 a,44310
IsPrefixOfStringInTable_6,6,PGO,17 a,14958
IsPrefixOfStringInTable_7,7,PGO,17 a,15130
IsPrefixOfStringInTable_8,8,PGO,17 a,13466
IsPrefixOfStringInTable_9,9,PGO,17 a,12020
IsPrefixOfStringInTable_10,10,PGO,17 a,12480
IsPrefixOfStringInTable_11,11,PGO,17 a,11978
IsPrefixOfStringInTable_12,12,PGO,17 a,11978
IsPrefixOfStringInTable_13,13,PGO,17 a,11472
IsPrefixOfStringInTable_14,14,PGO,17 a,10984
IsPrefixOfStringInTable_15,15,PGO,17 a,14958
IsPrefixOfStringInTable_x64_1,16,PGO,17 a,7484
IsPrefixOfStringInTable_x64_2,17,PGO,17 a,7980
IsPrefixOfStringInTable_x64_3,18,PGO,17 a,37164
IsPrefixOfStringInTable_x64_4,19,PGO,17 a,7008
IsPrefixOfStringInTable_x64_5,20,PGO,17 a,6996
IsPrefixOfStringInTable_x64_6,21,PGO,17 a,6996
IsPrefixOfStringInTable_x64_7,22,PGO,17 a,7982
IsPrefixOfStringInTable_x64_8,23,PGO,17 a,7980
IntegerDivision_x64_1,24,PGO,17 a,95014
IsPrefixOfCStrInArray,0,PGO,18 fox1,102568
IsPrefixOfStringInTable_1,1,PGO,18 fox1,49746
IsPrefixOfStringInTable_2,2,PGO,18 fox1,45794
IsPrefixOfStringInTable_3,3,PGO,18 fox1,16950
IsPrefixOfStringInTable_4,4,PGO,18 fox1,18922
IsPrefixOfStringInTable_5,5,PGO,18 fox1,44310
IsPrefixOfStringInTable_6,6,PGO,18 fox1,14960
IsPrefixOfStringInTable_7,7,PGO,18 fox1,15148
IsPrefixOfStringInTable_8,8,PGO,18 fox1,13460
IsPrefixOfStringInTable_9,9,PGO,18 fox1,11994
IsPrefixOfStringInTable_10,10,PGO,18 fox1,12484
IsPrefixOfStringInTable_11,11,PGO,18 fox1,11980
IsPrefixOfStringInTable_12,12,PGO,18 fox1,11978
IsPrefixOfStringInTable_13,13,PGO,18 fox1,11468
IsPrefixOfStringInTable_14,14,PGO,18 fox1,10984
IsPrefixOfStringInTable_15,15,PGO,18 fox1,14956
IsPrefixOfStringInTable_x64_1,16,PGO,18 fox1,7486
IsPrefixOfStringInTable_x64_2,17,PGO,18 fox1,7982
IsPrefixOfStringInTable_x64_3,18,PGO,18 fox1,37166
IsPrefixOfStringInTable_x64_4,19,PGO,18 fox1,7008
IsPrefixOfStringInTable_x64_5,20,PGO,18 fox1,6996
IsPrefixOfStringInTable_x64_6,21,PGO,18 fox1,6994
IsPrefixOfStringInTable_x64_7,22,PGO,18 fox1,7982
IsPrefixOfStringInTable_x64_8,23,PGO,18 fox1,7982
IntegerDivision_x64_1,24,PGO,18 fox1,95016
IsPrefixOfCStrInArray,0,PGO,19 abcdefghijklmnopqrstuvw,102566
IsPrefixOfStringInTable_1,1,PGO,19 abcdefghijklmnopqrstuvw,88854
IsPrefixOfStringInTable_2,2,PGO,19 abcdefghijklmnopqrstuvw,43848
IsPrefixOfStringInTable_3,3,PGO,19 abcdefghijklmnopqrstuvw,17422
IsPrefixOfStringInTable_4,4,PGO,19 abcdefghijklmnopqrstuvw,18920
IsPrefixOfStringInTable_5,5,PGO,19 abcdefghijklmnopqrstuvw,40804
IsPrefixOfStringInTable_6,6,PGO,19 abcdefghijklmnopqrstuvw,15534
IsPrefixOfStringInTable_7,7,PGO,19 abcdefghijklmnopqrstuvw,15160
IsPrefixOfStringInTable_8,8,PGO,19 abcdefghijklmnopqrstuvw,13466
IsPrefixOfStringInTable_9,9,PGO,19 abcdefghijklmnopqrstuvw,12002
IsPrefixOfStringInTable_10,10,PGO,19 abcdefghijklmnopqrstuvw,12476
IsPrefixOfStringInTable_11,11,PGO,19 abcdefghijklmnopqrstuvw,12154
IsPrefixOfStringInTable_12,12,PGO,19 abcdefghijklmnopqrstuvw,12000
IsPrefixOfStringInTable_13,13,PGO,19 abcdefghijklmnopqrstuvw,11498
IsPrefixOfStringInTable_14,14,PGO,19 abcdefghijklmnopqrstuvw,11006
IsPrefixOfStringInTable_15,15,PGO,19 abcdefghijklmnopqrstuvw,15432
IsPrefixOfStringInTable_x64_1,16,PGO,19 abcdefghijklmnopqrstuvw,7488
IsPrefixOfStringInTable_x64_2,17,PGO,19 abcdefghijklmnopqrstuvw,7980
IsPrefixOfStringInTable_x64_3,18,PGO,19 abcdefghijklmnopqrstuvw,37166
IsPrefixOfStringInTable_x64_4,19,PGO,19 abcdefghijklmnopqrstuvw,7008
IsPrefixOfStringInTable_x64_5,20,PGO,19 abcdefghijklmnopqrstuvw,6996
IsPrefixOfStringInTable_x64_6,21,PGO,19 abcdefghijklmnopqrstuvw,6998
IsPrefixOfStringInTable_x64_7,22,PGO,19 abcdefghijklmnopqrstuvw,7984
IsPrefixOfStringInTable_x64_8,23,PGO,19 abcdefghijklmnopqrstuvw,7982
IntegerDivision_x64_1,24,PGO,19 abcdefghijklmnopqrstuvw,94980
